,logistic_linear(lasso),logistic_linear(ridge),logistic_poly(lasso),logistic_poly(ridge)
0.001,0.7781629116117851,0.8558058925476603,0.7953410981697171,0.860648918469218
0.01,0.7781629116117851,0.8558058925476603,0.7953410981697171,0.860648918469218
0.1,0.7781629116117851,0.8558058925476603,0.7957570715474209,0.8610648918469218
1.0,0.7781629116117851,0.8558058925476603,0.7915973377703827,0.8594009983361065
10.0,0.7788561525129982,0.8558058925476603,0.7720465890183028,0.8589850249584027
100.0,0.7778162911611786,0.8512998266897747,0.7745424292845258,0.8548252911813644
