,svm_linear(svc),svm_rbf(svc),svm_poly(svc),svm_linear(lasso),svm_linear(ridge)
0.001,0.8034662045060659,0.7833622183708839,0.7996533795493934,0.7844020797227036,0.7844020797227036
0.01,0.8031195840554592,0.7944540727902947,0.8003466204506066,0.7844020797227036,0.7844020797227036
0.1,0.8031195840554592,0.791681109185442,0.8031195840554592,0.7844020797227036,0.7844020797227036
1.0,0.8031195840554592,0.822530329289428,0.8207972270363951,0.7844020797227036,0.7844020797227036
10.0,0.8031195840554592,0.8329289428076256,0.8329289428076256,0.7833622183708839,0.7844020797227036
100.0,0.8031195840554592,0.8211438474870018,0.8467937608318891,0.7805892547660312,0.7844020797227036
