,logistic_linear(lasso),logistic_linear(ridge),logistic_poly(lasso),logistic_poly(ridge)
0.001,0.7819757365684575,0.7819757365684575,0.860648918469218,0.860648918469218
0.01,0.7819757365684575,0.7819757365684575,0.860648918469218,0.860648918469218
0.1,0.7819757365684575,0.7819757365684575,0.8610648918469218,0.8610648918469218
1.0,0.7823223570190642,0.7819757365684575,0.8598169717138103,0.8594009983361065
10.0,0.7805892547660312,0.7823223570190642,0.8577371048252912,0.8589850249584027
100.0,0.7778162911611786,0.7812824956672444,0.8477537437603994,0.8548252911813644
