,svm_linear(svc),svm_rbf(svc),svm_poly(svc),svm_linear(lasso),svm_linear(ridge)
0.001,0.8007857638086434,0.7626531083891842,0.7017564132193206,0.7645019644095216,0.7645019644095216
0.01,0.8011324243124567,0.7694707649641784,0.7122717818349896,0.7647330714120638,0.7645019644095216
0.1,0.8010168708111856,0.7641553039057083,0.7447423156921654,0.7647330714120638,0.7645019644095216
1.0,0.8010168708111856,0.7620753408828288,0.7998613357984747,0.7646175179107927,0.7647330714120638
10.0,0.8007857638086434,0.8151143979662584,0.8192743240120176,0.7647330714120638,0.7643864109082505
100.0,0.8015946383175411,0.8176565749942223,0.8303674601340421,0.7658886064247746,0.7627686618904553
