,logistic_linear(lasso),logistic_linear(ridge),logistic_poly(lasso),logistic_poly(ridge)
0.001,0.7781629116117851,0.7781629116117851,0.7953410981697171,0.7953410981697171
0.01,0.7781629116117851,0.7781629116117851,0.7953410981697171,0.7953410981697171
0.1,0.7781629116117851,0.7781629116117851,0.7957570715474209,0.7936772046589018
1.0,0.7781629116117851,0.7781629116117851,0.7915973377703827,0.790765391014975
10.0,0.7788561525129982,0.7778162911611786,0.7720465890183028,0.7795341098169717
100.0,0.7778162911611786,0.7795493934142115,0.7745424292845258,0.7728785357737105
